{"cameraMode":{"drawMode":0,"name":"Shaded","section":"Shading Mode"},"sceneLighting":true,"audioPlay":false,"sceneViewState":{"m_AlwaysRefresh":false,"showFog":true,"showSkybox":true,"showFlares":true,"showImageEffects":true,"showParticleSystems":true,"showVisualEffectGraphs":true,"m_FxEnabled":true},"in2DMode":false,"pivot":{"x":-3.3802452087402345,"y":-0.8536779880523682,"z":20.565982818603517},"rotation":{"x":-0.0377955436706543,"y":0.015585270710289479,"z":-0.0005896504153497517,"w":-0.9991540908813477},"size":16.097476959228517,"orthographic":false}