{"cameraMode":{"drawMode":0,"name":"Shaded","section":"Shading Mode"},"sceneLighting":true,"audioPlay":false,"sceneViewState":{"m_AlwaysRefresh":false,"showFog":true,"showSkybox":true,"showFlares":true,"showImageEffects":true,"showParticleSystems":true,"showVisualEffectGraphs":true,"m_FxEnabled":true},"in2DMode":false,"pivot":{"x":212.78256225585938,"y":310.81658935546877,"z":217.6406707763672},"rotation":{"x":-0.016808195039629937,"y":0.006596143823117018,"z":-0.00011097790411440656,"w":-0.9998264312744141},"size":415.2785339355469,"orthographic":false}